transaction_id,timestamp,Amount,description,is_fraud,fraud_probability,V1,V2,V3,V4,V5,V6,V7,V8,V9,V10,V11,V12,V13,V14,V15,V16,V17,V18,V19,V20,V21,V22,V23,V24,V25,V26,V27,V28
TX-000001,2025-04-01 04:15:07,5.77,Transaction normale chez Transfert Bancaire de 5.77€,0,1.8178790374677717e-06,-0.660344,1.211346,1.206121,-1.471376,0.132772,-0.180779,-0.531508,-1.146141,3.128036,0.242242,1.807773,-1.732695,0.446269,1.036244,2.234731,0.278878,0.963406,-0.040954,2.119023,1.458925,0.181933,-0.218702,0.833751,0.532482,0.384077,-0.328919,1.205168,-0.021365
TX-000002,2025-04-25 12:47:37,102.11,Abonnement mensuel Pharmacie de 102.11€,0,5.339187244357969e-05,-0.742623,0.326756,-0.198666,0.825093,-0.739783,-1.04223,-0.087347,-0.119037,1.139303,-0.824614,-0.641793,-0.131257,-0.207623,1.265086,0.78285,-0.691635,1.749527,-1.632107,2.144316,1.552431,-1.179145,0.26335,0.019111,0.690906,0.371706,-0.02028,1.147179,0.374909
TX-000003,2025-04-13 04:37:52,10.95,Achat chez Pharmacie de 10.95€,0,0.00041875651818842115,0.89818,-0.24566,-1.388797,1.250952,-0.997351,0.338712,-0.951749,-0.473833,0.009351,0.811611,0.405168,-0.807636,1.973928,0.624702,0.132882,-1.225187,-0.422115,1.120867,0.084923,-0.753234,0.723041,0.565059,-0.705236,0.362052,1.365694,0.873055,-1.876689,1.776798
TX-000004,2025-04-14 19:27:53,166.54,Abonnement mensuel Abonnement de 166.54€,0,4.1875288139522985e-05,0.62848,1.626657,-2.243021,0.133255,-1.064763,1.37255,1.004181,-1.65696,1.168603,0.115615,-0.686294,0.135707,-0.658404,0.734364,0.156181,0.669676,2.066981,0.473417,-0.665371,-0.340169,-1.779783,-1.158231,-1.811783,-0.155745,-0.593927,-1.03419,-0.005143,-0.237515
TX-000005,2025-04-06 01:20:48,1607.07,Facture Restaurant de 1607.07€,0,0.0008547147790049736,-3.310902,0.008113,-1.241635,5.10068,-1.846581,-0.452193,0.813887,1.108886,-1.717834,6.009069,0.855109,4.110355,0.262066,-2.53526,-0.343407,-1.371135,-3.727245,0.557657,-1.246498,0.09033,-1.393652,-0.558579,-0.249001,0.147628,-0.067479,-0.723562,0.535607,0.782756
TX-000006,2025-04-25 18:31:56,76.57,Transaction normale chez Station Service de 76.57€,0,0.002195408259349534,-2.871281,-0.647963,-1.219901,0.869173,-0.187654,-0.721836,2.463526,-0.161236,-0.347383,-0.631573,0.334755,-0.141814,-0.481114,0.206269,-0.644667,-2.215139,1.515854,0.888532,1.461606,-1.832193,-0.325608,0.212543,0.030889,0.144707,0.685931,-0.346776,-0.570415,1.159416
TX-000007,2025-04-07 08:19:14,500.0,Achat chez Électronique de 500.00€,0,0.025694843453756354,-4.649752,-0.712278,-4.966292,5.17053,-0.178015,0.165989,0.661381,-0.911665,0.009986,1.427745,-0.725956,3.307029,0.116543,-2.538849,-0.710268,-0.812287,-6.125201,-0.570907,-0.910961,0.131842,1.296004,-0.258413,-0.247496,-0.149286,0.240277,-0.32421,0.50985,0.404187
TX-000008,2025-04-19 12:24:08,195.83,Paiement à Transport de 195.83€,0,0.0006207898918146525,-0.588633,-0.218023,0.157402,0.960231,1.578116,-0.355487,2.808236,-2.285879,0.937766,-0.605508,0.435152,0.684882,-0.137545,0.245948,-1.0739,-0.955522,-0.585416,0.924986,1.010314,0.985607,-0.396419,0.283583,1.368464,-0.806609,0.639357,-0.748182,-0.607487,0.809579
TX-000009,2025-04-04 02:37:58,500.0,Facture Abonnement de 500.00€,0,0.01704174705777872,-3.880787,1.333044,-4.193879,4.696188,-0.122324,-0.860402,-0.855706,0.051935,-0.386221,2.685086,0.619659,1.729627,0.584963,-3.192732,0.147391,0.646297,-4.445838,-0.968951,0.269672,-0.501258,1.05024,0.378753,0.61496,0.861874,2.54268,-0.589601,-1.805782,1.840957
TX-000010,2025-04-17 09:09:31,1454.36,Retrait ATM inhabituel de 1454.36€,1,0.6378548064233127,-4.033746,0.417078,-2.593095,5.458245,0.524126,0.34463,0.05283,-1.023779,-3.194663,1.535425,0.683403,4.172343,-2.107652,-3.787915,0.175614,-0.77796,-2.34437,0.004496,-0.932238,0.56672,0.082655,0.478158,1.089135,-0.321536,-0.570265,-0.182713,-1.714027,-1.830495
TX-000011,2025-04-27 15:06:44,8.34,Transaction normale chez Hôtel de 8.34€,0,0.0018810799685940226,1.301391,0.643382,-0.128807,0.319089,1.295018,0.181353,-1.136175,-0.358573,0.429334,-0.059595,0.629137,1.749723,-0.879983,-0.688188,-0.720771,-0.201929,-0.300768,0.401364,0.494171,-1.242873,-0.318188,1.227005,1.533365,-0.819764,-2.112083,-1.549036,-0.079157,0.99021
TX-000012,2025-04-15 08:34:56,149.8,Paiement à Transport de 149.80€,0,0.00016330018701563154,-1.458564,-2.047243,-0.107975,0.811524,0.610472,-0.484744,1.307669,1.995898,-1.152513,-0.187306,0.442053,-0.277184,0.147202,-0.924101,1.683364,0.760521,-0.520945,-0.887548,0.418199,-0.35234,0.290541,-0.924448,-0.320674,-0.074494,0.161304,-0.151154,0.948852,-0.37324
TX-000013,2025-04-18 23:32:39,100.0,Achat chez Transfert Bancaire de 100.00€,0,4.8917236131266923e-05,-0.882777,1.006393,-1.373938,1.972473,-2.861249,-0.488032,0.48684,-0.142587,0.91019,-0.619967,0.221272,0.313779,1.750337,0.205666,-0.125588,0.333053,-0.003707,-0.246264,0.762077,-0.427783,-1.844046,-1.388376,0.347146,0.302361,-0.296864,-1.191301,0.591269,-0.791912
TX-000014,2025-04-28 16:58:32,500.0,Facture Transport de 500.00€,0,0.0014624173392244091,-1.083361,0.59671,-2.287062,4.057087,-0.412228,-0.163261,1.843626,1.687768,-3.77114,2.373496,0.739091,0.864666,0.963942,-1.699862,-0.327551,0.953081,-4.744867,0.825959,-1.09985,-1.409978,-1.777742,1.128658,0.091155,0.838339,0.236337,-0.087564,1.478126,1.600474
TX-000015,2025-04-26 03:43:30,1.24,Paiement à Amazon de 1.24€,0,0.0005350163976508464,-0.885306,0.913269,0.226687,0.594459,-0.539344,0.736453,0.438115,-0.690738,-0.296886,-0.505282,0.568469,-1.013493,-0.129428,-0.481316,0.31431,-0.079367,-0.92939,-0.92643,1.070723,-0.751807,-1.203343,-0.560913,-1.090352,-1.748728,-1.620761,0.138242,-1.448939,0.711945
TX-000016,2025-04-10 00:51:33,1020.87,Abonnement mensuel Voyage de 1020.87€,0,0.028063301691851655,-4.652933,0.394953,-0.023997,4.907007,0.256927,-0.027792,-0.962493,-0.550361,-2.520497,1.770031,0.083702,4.78812,0.219148,-2.211034,1.727287,2.058704,-3.751929,1.086072,0.246804,0.954714,-0.226122,1.352139,0.062944,0.450236,-1.078549,0.862576,-1.477646,-0.096422
TX-000017,2025-04-05 14:43:29,37.26,Paiement à Électronique de 37.26€,0,0.0012509020218259706,2.337755,1.031909,0.556441,0.860809,0.589577,-1.30208,0.705957,-0.571564,-0.923852,0.011398,-1.677375,0.721698,-0.549547,0.613506,-1.784055,-1.362783,-1.283278,-0.629779,-0.963737,-0.592493,-0.397146,0.652552,-1.054683,0.178519,0.001581,0.639308,1.338673,-1.612824
TX-000018,2025-04-01 00:53:46,500.0,Transaction normale chez Abonnement de 500.00€,0,0.011933443068307516,-4.728395,-0.985992,-9.311503,1.544814,-0.641474,-0.458678,-0.204673,-0.221266,-2.645473,-0.316198,-0.038081,4.551391,1.001474,-0.852764,-1.9712,-0.26414,-2.148055,-0.145466,-0.528028,-1.384228,-1.727306,1.718672,0.312741,1.04559,0.529832,0.306617,-0.7559,0.114626
TX-000019,2025-04-11 23:28:08,823.91,Paiement à Amazon de 823.91€,0,0.0017895530631983133,-6.504888,1.436994,-1.768783,0.065337,1.071063,0.380301,1.027907,0.756048,-2.727101,0.386213,-0.261104,2.121123,-0.651184,-1.549906,-0.287254,-0.322293,-2.982611,0.765148,-0.027096,0.355589,0.420852,-0.100842,-1.249968,0.398391,-0.403811,-1.58444,0.618434,-1.15898
TX-000020,2025-04-03 21:16:01,10.14,Abonnement mensuel Assurance de 10.14€,0,0.0006017318396329233,-0.064753,0.571748,-0.162544,-1.529914,0.71522,-0.380714,-0.490955,-0.031841,0.537432,-0.398788,-0.831737,0.141961,-0.25079,-0.249671,-0.617123,-0.922973,-1.44431,-0.122525,2.168334,-0.111074,0.570007,1.641462,0.000893,0.061416,0.225389,0.565091,-0.244307,-0.506048
TX-000021,2025-04-21 13:15:58,1.93,Transaction normale chez Hôtel de 1.93€,0,0.0010478244594497555,0.858254,-0.95473,-0.928362,0.879073,0.967657,-0.150857,-1.991942,-1.317506,-0.307623,-1.429997,-0.887854,-0.695339,0.621935,0.832981,1.141833,0.604773,1.256732,-1.844312,0.697245,-1.011775,0.440056,1.009255,0.870283,0.460382,1.11245,1.104062,-0.285233,-0.13758
TX-000022,2025-04-14 09:17:03,78.8,Transaction normale chez Assurance de 78.80€,0,8.822967326022947e-05,1.289415,-0.60015,-0.969044,-0.167889,-1.311847,0.763776,-0.049791,0.414961,-0.935467,0.260815,2.394999,-0.808974,1.604928,-0.089847,0.790331,0.275609,0.953316,-0.25777,-1.068382,-1.452497,0.13979,-0.913517,-0.430708,-0.983687,0.346181,-0.492769,-1.557509,1.444974
TX-000023,2025-04-23 05:38:53,100.0,Achat chez SuperMarché de 100.00€,0,1.586247283374992e-05,-2.139289,0.379971,-0.434563,-0.519714,-0.844186,1.341514,-0.438214,1.432886,1.206447,0.394398,-1.267056,0.301382,1.29975,2.239181,-0.818448,-0.205784,1.080642,-1.044744,-0.414408,0.085221,-0.34431,1.130316,-1.201094,0.221924,1.200407,2.01619,-0.330186,0.061315
TX-000024,2025-04-10 15:49:44,28.96,Paiement à Abonnement de 28.96€,0,0.0017882421816112941,3.320503,1.006472,-1.544204,0.592793,0.395673,2.606522,0.146993,0.187745,-0.115303,0.926684,-1.083425,-1.494611,-0.858351,-0.235942,0.200339,-1.646197,-0.622504,0.734941,1.730801,0.206469,0.549519,0.875783,-1.379493,1.993343,-0.864456,-0.493471,-0.84385,-1.330443
TX-000025,2025-04-07 10:00:03,98.1,Facture Hôtel de 98.10€,0,0.00011198753670765352,-0.05127,-1.509232,-0.478365,1.651911,1.979773,0.476758,-0.467692,-0.541078,-0.275453,0.472782,0.262409,0.042915,-0.32429,1.250954,-0.290955,0.414064,-0.93298,-0.284422,-0.569441,-0.520122,1.334698,-0.852469,-0.330489,-0.195213,-0.041171,0.325684,2.034267,0.352836
TX-000026,2025-04-21 07:47:12,500.0,Transaction normale chez Électronique de 500.00€,0,0.0022944083999562738,-2.179913,-0.56593,-0.82074,1.814782,-0.462634,0.156354,-0.206305,-0.671829,0.388262,-0.282498,-1.230156,0.295518,-0.802776,-0.761993,0.178461,0.02874,-1.423625,-1.979473,-0.495493,0.066019,2.30245,-0.601479,0.085035,-0.355028,-0.858701,-0.346214,0.659512,0.010699
TX-000027,2025-04-18 12:27:47,7.51,Abonnement mensuel Vêtements de 7.51€,0,4.4226716029640066e-05,-0.818091,0.544044,0.71593,-0.121047,0.076566,-0.591809,-0.235371,-0.729706,-0.312819,-0.553743,-1.4482,1.275662,0.572112,1.574642,-0.824748,-0.340708,-0.037615,-0.078506,1.232042,1.462138,0.264126,-1.063448,0.194465,-0.831251,1.705527,-1.202533,-0.392653,-0.132598
TX-000028,2025-04-11 23:33:36,40.49,Achat chez SuperMarché de 40.49€,0,0.00027069571619663173,0.067321,0.031854,1.187703,0.405173,0.848944,-0.072673,-1.313153,-0.513164,-0.931918,0.217821,0.422327,0.128305,-0.424579,0.670325,2.268581,-0.930048,0.026516,0.213971,-1.155239,-0.028399,0.33795,0.250722,0.061393,0.38186,1.61534,0.765761,0.102856,0.089761
TX-000029,2025-04-14 18:07:16,126.22,Transaction normale chez Voyage de 126.22€,0,6.29067635819992e-05,-1.472934,0.278684,0.303983,0.13393,-2.517856,0.371304,0.238232,1.550867,0.22204,2.085085,-0.65304,2.002368,0.17685,-1.478068,0.998662,-0.467438,-0.267879,0.394295,2.174698,1.09351,1.180121,-0.516819,-1.581272,-1.50325,-1.052282,-0.741318,0.332932,0.271503
TX-000030,2025-04-11 14:02:50,500.0,Transaction normale chez Hôtel de 500.00€,0,0.0002557909625461163,-2.331601,-0.043561,-1.875878,2.186721,-0.279603,-0.805316,0.896823,-0.962852,-2.149615,1.970849,-0.488639,4.352797,-0.697931,-0.861949,-0.206893,2.194929,-1.84357,0.803482,-0.579481,1.522737,0.336958,-1.369821,1.120631,1.320032,-0.679236,-0.111412,0.24123,-0.248278
TX-000031,2025-04-05 11:56:41,58.8,Paiement à Restaurant de 58.80€,0,0.0012926344154187374,0.313229,-0.146414,0.414272,0.021874,0.792248,-0.681787,-0.403119,1.205986,-2.539643,-0.594484,-1.316989,-0.86279,-0.879031,0.410897,0.129003,-0.150993,-1.548396,0.912761,1.878978,-0.870022,-0.96634,1.728205,0.320056,1.017067,-0.001127,0.704672,0.019518,0.805881
TX-000032,2025-04-12 03:52:36,79.49,Paiement à Station Service de 79.49€,0,7.985828294608282e-05,-1.5604,-0.112556,0.662416,0.569412,0.444793,-0.759173,0.914885,-0.553994,1.543797,0.088381,-1.468743,0.599988,-0.898353,-0.370531,0.726782,0.217513,0.233139,1.065137,0.175506,-0.032395,-1.335837,-1.916446,2.037053,0.06914,-1.784682,-0.943699,-0.962376,1.037874
TX-000033,2025-04-02 16:45:17,100.0,Abonnement mensuel Voyage de 100.00€,0,8.774643956009667e-06,-0.867404,0.807198,0.02797,-0.861858,-2.242429,-0.516772,0.707902,2.458414,-0.815951,0.162553,1.026626,0.169331,0.231943,1.526591,-0.564195,-0.330653,0.405098,0.405566,0.851793,-1.255045,-1.408578,-1.374729,-0.449706,-0.585146,-0.23314,-0.153766,0.462168,-0.807655
TX-000034,2025-04-11 09:32:30,96.21,Transaction normale chez Amazon de 96.21€,0,0.0004618414789746675,0.022375,0.87313,0.719447,1.936138,-0.168491,0.849327,0.670199,0.502514,1.384519,-1.892661,-0.548971,0.811006,-0.993869,-0.351181,0.784758,0.018767,0.827252,1.025914,0.953172,-0.170395,-0.580765,-0.865987,0.339842,1.147289,0.236639,1.185307,1.814006,-0.850061
TX-000035,2025-04-22 12:25:24,104.36,Facture Assurance de 104.36€,0,0.0001281835841729332,0.117677,0.184305,1.7011,-0.02994,0.460858,0.182737,-0.785117,0.854791,-0.767012,1.377375,-0.065381,-0.268616,-0.945708,0.213147,0.043571,0.344733,0.784699,0.883767,-0.166765,-0.618507,0.735333,0.301835,-1.268821,0.436396,-0.04113,-1.474131,1.077017,1.022253
TX-000036,2025-04-15 11:18:26,40.0,Achat chez Boutique de 40.00€,0,0.000997226016336027,1.008895,-1.41886,0.950254,0.706958,0.577796,-0.159003,1.510572,0.57303,0.957073,-0.53711,0.497561,-0.547369,-1.512851,-1.426511,0.445242,-0.521452,1.856129,0.322634,-0.190822,-0.054526,-0.196144,0.023772,-1.227716,-0.543179,0.744187,1.041617,1.046856,-1.217472
TX-000037,2025-04-22 23:07:28,56.9,Paiement à Boutique de 56.90€,0,0.0009809330006225964,0.543849,1.361875,-0.228641,0.234631,0.709202,-0.455086,-0.046158,0.788822,-0.541594,0.122403,-0.430827,1.058557,1.477997,-0.313401,-0.119352,-0.728759,-0.744285,0.743192,0.145038,0.759543,0.501665,1.976027,1.676097,-0.814408,-1.400681,-1.543117,-1.300309,0.361021
TX-000038,2025-04-23 10:21:04,14.3,Transaction normale chez Restaurant de 14.30€,0,0.0001677297985303489,0.288751,-0.529082,-0.521013,0.082176,0.287055,0.638886,-0.45478,1.176894,3.644353,0.187566,-0.351465,0.516432,0.333429,-1.342512,0.740054,-0.019514,0.350877,0.295495,0.401184,-0.236357,1.645642,0.156656,0.482053,-0.370083,1.238713,-0.260222,0.408755,-1.295706
TX-000039,2025-04-05 22:24:36,2021.0,Achat chez Abonnement de 2021.00€,0,0.004579525236136597,-2.387499,0.858003,-4.440173,-0.658951,0.284932,-0.117126,0.436759,0.988911,-4.083367,3.471403,-0.468222,-0.169074,0.706442,-5.194925,-0.655405,-1.276024,-1.27358,-1.01193,-0.616073,0.440457,-1.033768,0.121952,0.571944,1.863587,-0.440179,-1.372203,-1.391239,0.184392
TX-000040,2025-04-07 23:05:07,6.71,Abonnement mensuel Restaurant de 6.71€,0,3.833803855016665e-05,0.117381,-0.45384,0.607263,0.530261,-0.762914,0.898037,0.064925,-1.270413,-0.118488,1.760104,-0.554617,-1.068755,0.492408,0.967957,-0.935544,-2.15713,1.120545,-0.772024,-0.865927,0.411067,-0.016381,-0.421295,0.234248,1.260472,-1.839433,1.502922,1.052576,1.418571
TX-000041,2025-04-22 20:01:48,82.41,Achat chez Transfert Bancaire de 82.41€,0,0.00011442655800993541,0.370017,0.958933,0.54588,-0.491445,0.642181,1.682178,0.035485,0.152616,-0.035469,1.284524,0.007408,-0.666493,-0.13445,-2.024467,-0.742266,-0.73478,0.969781,-0.180819,-0.70066,-1.085641,-0.357804,-1.859049,0.948832,-1.114194,0.863519,-0.323312,-0.497224,0.494891
TX-000042,2025-03-31 06:31:16,51.28,Abonnement mensuel Assurance de 51.28€,0,0.000153665798686333,-0.629249,-1.959353,0.574177,-0.134506,0.664633,-2.153868,-0.72289,0.445981,-0.485256,1.275775,-0.827973,-2.0021,1.973027,-0.287096,0.781335,0.515943,-2.216494,0.198068,1.548389,-1.472299,-0.049186,1.455694,0.269346,1.856575,0.291171,-0.239663,-0.157551,-0.600899
TX-000043,2025-04-10 17:31:37,133.4,Paiement à Vêtements de 133.40€,0,0.0009747858708792288,0.126643,-0.490126,0.139755,0.944775,-0.912164,-0.495006,1.417233,1.863642,-0.794733,-0.859054,-1.322133,-0.654514,0.418038,0.420003,-1.056495,-0.006661,-0.256764,0.651696,-0.058965,0.040078,1.9675,-0.196414,-0.53768,-0.903525,-0.187117,-0.250096,-0.601586,-0.817436
TX-000044,2025-04-22 08:20:39,213.38,Paiement à Vêtements de 213.38€,0,5.684410213417547e-05,0.487909,0.901674,-0.039901,-0.088595,-1.324399,2.106827,-0.850664,-0.96068,-1.648156,0.677752,-0.893305,-0.570454,-0.901928,0.824257,0.297934,1.594486,2.304099,-1.762673,-0.353447,-0.257097,-1.497723,-0.080772,-0.013221,0.006942,-0.218113,-0.734425,-0.20217,0.700554
TX-000045,2025-04-03 03:03:59,12.63,Transaction normale chez Pharmacie de 12.63€,0,9.628942776134388e-05,-0.296567,-0.934605,1.308388,0.114473,-0.601523,-1.107889,1.297688,-0.797995,-0.121443,0.363338,-0.301426,0.693966,0.256333,-0.484927,0.799654,0.598451,0.212992,0.740339,0.574654,-0.14572,-2.394377,0.389188,-0.413498,-1.681219,-0.836192,0.918366,-0.23708,-0.200052
TX-000046,2025-04-14 08:50:26,500.0,Paiement à Pharmacie de 500.00€,0,0.02618422384753973,-2.652854,0.023504,-1.849123,5.417308,1.634101,-0.526918,-0.139462,0.344588,-2.799638,2.449649,0.322335,3.090329,-0.81624,-2.90727,0.861669,0.117478,-3.7018,-1.045677,-0.052372,-0.73923,-0.370617,0.172879,0.472711,1.579403,-0.311967,-0.335376,0.834606,1.774315
TX-000047,2025-04-16 14:46:04,547.14,Abonnement mensuel Assurance de 547.14€,0,0.0264304962145885,-0.422811,-0.174401,-3.991063,6.184946,-0.76053,0.047098,-2.773014,-0.758446,-0.901208,1.715578,0.228869,5.945396,0.634111,-4.224329,0.627709,-0.174783,-0.472537,-0.951605,0.058598,-0.07405,-1.482538,0.176674,-0.055169,-0.221008,1.949508,0.339464,1.778305,0.478898
TX-000048,2025-04-09 15:29:17,753.51,Facture Vêtements de 753.51€,0,0.10785185706904632,-4.529023,0.494712,-6.491538,4.882794,-0.43006,1.042306,-0.70039,0.165942,-5.148913,1.624021,-0.281565,2.863788,1.32737,-5.689216,-0.276784,1.054041,-0.681616,-0.601733,-0.696362,1.314083,-1.459985,1.036063,0.341019,-1.912012,-0.252646,-0.06163,-0.580222,0.631873
TX-000049,2025-04-03 19:43:24,500.0,Paiement à Électronique de 500.00€,0,0.009026256046498036,-4.141847,0.131917,-4.420793,2.851525,1.013024,0.670058,-0.451029,-1.598964,-4.091093,3.038123,-0.088417,3.638142,-1.575332,-2.806401,-0.106887,0.259308,-1.743592,-0.466924,0.314654,-0.553247,1.496759,-0.732212,2.025577,-0.577646,-1.154387,0.421054,0.972193,-0.298767
TX-000050,2025-04-27 08:23:33,500.0,Facture Station Service de 500.00€,0,0.0005170870740199595,-5.427363,-0.51951,-10.417768,2.626648,-1.203312,0.94856,-0.285623,-0.569811,-2.060673,4.169342,1.521859,5.528267,1.315771,-1.355457,-1.977818,-0.622376,2.336402,0.284173,0.533452,0.66554,-0.202225,0.221426,1.251678,-0.415564,0.443224,1.363624,-0.927285,-0.346413
TX-000051,2025-04-24 20:16:27,500.0,Paiement à Pharmacie de 500.00€,0,0.010113885657831157,-5.270453,-1.307948,-5.084085,3.132449,0.506951,0.853319,0.600074,-0.900834,-2.825417,0.4459,0.487107,0.485016,0.111504,-4.502944,0.085837,0.790303,-5.431997,1.486547,-0.337016,0.164516,-0.730705,-0.68399,1.276799,-2.054603,1.812514,0.902222,0.253744,0.21213
TX-000052,2025-04-12 00:38:26,25.83,Achat chez SuperMarché de 25.83€,0,0.0007043125754841647,-1.32621,1.582728,0.796339,3.05725,0.387276,1.684293,0.350474,-1.312449,0.017801,-1.102592,0.038882,0.042411,-0.175351,0.62295,0.377743,1.046265,0.351358,-0.26188,-1.720513,-0.287627,-0.734964,-0.419024,1.990036,0.982103,-0.5798,-2.467471,0.543053,-0.525103
TX-000053,2025-04-25 19:14:06,120.09,Facture Hôtel de 120.09€,0,0.0005493465362054873,0.239783,0.197627,-1.162655,0.313264,-0.926355,-0.343412,0.835666,0.752689,-0.789354,0.300562,0.649833,-0.552749,0.491291,-3.031901,0.431452,-2.469493,1.687293,0.833453,0.459114,1.844876,-0.777719,-0.227349,1.095201,-0.049145,0.066876,-0.071708,0.367159,0.713354
TX-000054,2025-04-22 02:22:30,7.19,Transaction normale chez Transfert Bancaire de 7.19€,0,0.0002339009141408108,0.545407,0.313713,-0.71751,-0.602335,-1.520011,0.603554,-0.59398,2.120143,0.034031,0.670107,0.087181,0.058713,0.395355,-0.624895,-1.289896,-1.997088,0.535982,0.268503,0.881695,0.652025,0.7856,-0.25932,0.943395,1.455808,1.360208,-1.089325,-1.769877,1.624763
TX-000055,2025-04-07 04:24:36,70.68,Facture Hôtel de 70.68€,0,8.24852309884078e-05,0.348505,0.255965,1.712481,-0.432948,-0.262134,0.692723,1.325554,-0.455066,-0.283915,0.195226,0.796744,-0.835453,2.692342,-0.772711,-0.286208,0.442507,-0.358442,0.282649,0.671013,-1.720538,-0.104728,-0.131401,0.254885,-1.316528,-1.06932,1.090388,-0.229891,-1.109066
TX-000056,2025-04-08 07:23:46,1.93,Abonnement mensuel Assurance de 1.93€,0,0.0004608983814319325,1.048219,-2.129645,0.43299,0.440132,-0.047146,1.584376,1.579406,-0.048453,1.147096,-0.200576,-0.308126,-0.050027,-0.087302,-0.468277,-0.284666,-0.522996,-1.959448,1.391052,1.042029,-0.683172,-2.804844,1.177664,-0.009964,1.533167,-0.357454,-0.433182,-0.816353,-0.188672
TX-000057,2025-04-05 05:20:03,114.22,Transaction normale chez Hôtel de 114.22€,0,0.00022952945215472183,0.050884,1.41486,-0.653933,1.107152,-0.848356,-1.811884,0.468722,0.7713,0.766348,0.426961,1.689331,-0.850631,0.192324,-0.158592,-1.408136,0.568916,-1.288028,0.344879,0.518352,2.181564,0.497878,0.347321,0.051176,-0.307421,0.599733,-0.294646,-1.307102,0.536655
TX-000058,2025-04-12 12:06:42,14.56,Facture Restaurant de 14.56€,0,3.4404503075051456e-05,-0.673816,-1.152762,-0.65785,-0.733826,0.87734,-0.949,0.477855,0.121762,-0.512954,-0.98792,0.638097,1.210588,0.901794,0.466988,2.299224,-0.065055,-1.619137,-0.398632,0.570143,-2.199908,0.687164,-2.024917,0.087764,-2.330138,0.051097,0.111715,1.444135,-1.291652
TX-000059,2025-04-18 14:51:25,14.58,Achat chez Pharmacie de 14.58€,0,0.00013742629401057612,0.215935,-0.900886,-1.126432,-1.237278,0.553876,-1.910424,0.593647,0.360872,-0.732651,-0.373588,0.388815,0.977698,0.923559,0.696056,1.087095,-1.046283,-0.915798,0.087056,0.603166,-1.326104,1.270965,-0.000391,1.122848,-1.380101,1.362158,-0.51531,0.224068,-1.413576
TX-000060,2025-04-12 23:51:17,500.0,Achat chez Voyage de 500.00€,0,0.000446141231297019,-0.613447,1.155092,0.13489,-0.066705,0.197502,0.23847,-1.594,-1.209714,0.260832,-0.949769,-0.198197,-0.120718,-0.554764,0.098371,-1.40287,-0.096477,1.916451,0.177778,-0.260404,1.255124,-1.840387,0.117032,-0.884967,0.616751,0.800349,0.072811,-0.823497,-0.580874
TX-000061,2025-04-27 12:36:05,17.9,Transaction normale chez Voyage de 17.90€,0,1.91477444385119e-05,-0.321881,0.030752,-0.431085,-0.715595,-0.527208,0.834419,1.065021,0.695078,0.115498,0.167786,-0.333823,0.534991,0.982177,1.037219,0.884201,1.149758,-0.403851,-0.847285,-2.047795,-1.015056,-0.828966,0.40944,-0.112167,-0.326005,0.022386,0.288771,-0.34063,1.796177
TX-000062,2025-04-12 12:11:54,214.71,Paiement à Électronique de 214.71€,0,0.0005093396278331233,-0.024234,0.651556,-0.366543,0.620391,0.221486,-0.837664,-1.681407,-1.264793,0.206396,-2.128444,-0.825905,0.8988,-0.6907,1.004095,0.847092,1.26246,-1.543517,0.96444,1.047819,-0.703379,0.080547,-0.465414,0.005003,1.430542,0.25063,-1.392442,0.550493,0.297192
TX-000063,2025-04-11 23:19:02,67.35,Achat chez Assurance de 67.35€,0,3.244861401612258e-05,-1.47703,0.363898,0.558149,-1.637643,0.989021,-1.261069,0.300179,-1.038971,0.531395,0.589906,1.146884,0.24851,-1.280386,0.088308,-0.321035,-0.826417,1.023251,0.792406,-0.460028,-0.347133,-1.36721,0.366629,-1.034589,-0.932875,-0.988716,-0.043026,2.70203,-0.333643
TX-000064,2025-04-07 12:24:54,500.0,Paiement à Transport de 500.00€,0,0.13022228904195426,0.230722,0.558972,-5.867621,3.088428,0.171747,-0.190167,1.79533,-0.006221,-3.479955,-0.154758,-1.5758,1.842708,0.096392,-3.536163,-0.062687,-0.468138,-2.119028,-0.299246,-1.206241,1.411454,1.663674,1.853202,1.732368,0.426584,1.709315,0.894134,0.286099,0.190388
TX-000065,2025-03-30 17:29:09,100.0,Abonnement mensuel Abonnement de 100.00€,0,0.00015921909718536403,0.801015,-0.967016,1.029934,-0.714857,-0.32104,0.393692,-0.01375,0.89597,0.719135,0.352059,-1.508895,0.547678,0.604555,-0.54605,-0.111744,-1.404104,-1.368866,-0.648782,-0.792631,1.378947,0.827743,0.373709,-0.927668,0.420192,-0.498279,0.514469,0.349644,-1.113896
TX-000066,2025-04-20 02:50:28,18.88,Facture Pharmacie de 18.88€,0,3.174932741920435e-05,1.08199,-0.593654,0.13684,0.124656,0.810521,-0.702578,0.2558,-0.91141,1.651699,1.016582,1.798914,-0.827012,0.958748,1.40019,-0.465053,1.577527,2.142668,-0.045958,-0.6004,0.160135,-0.658185,1.080967,-0.829149,-1.006977,0.928992,-0.516109,-1.199358,0.007496
TX-000067,2025-04-20 17:25:06,756.62,Paiement à Pharmacie de 756.62€,0,0.0021396592732443745,-3.942622,-0.568236,-3.652103,0.345487,-0.404377,-0.014104,-0.257816,-1.677854,-1.008503,4.313626,1.060432,4.299514,0.393562,-6.188142,-1.487694,1.231114,-0.020518,-0.083027,-1.212716,2.099352,0.422051,1.494787,-0.713035,0.587107,0.628949,-0.05266,0.713575,-0.311567
TX-000068,2025-03-31 14:34:59,500.0,Abonnement mensuel Assurance de 500.00€,0,0.002631311230510024,-9.695419,-0.510008,-6.213605,5.979939,0.234879,-0.055871,-0.08338,1.240442,-0.428207,2.592843,1.136982,5.924526,-0.034645,-0.383843,0.019773,0.385172,-0.495081,-0.727169,-0.178684,-0.438537,-0.079765,-0.235132,-0.424715,0.198827,1.508446,0.835861,-0.237326,0.433916
TX-000069,2025-04-27 09:39:50,10.71,Achat chez Électronique de 10.71€,0,3.70091114338129e-05,0.064476,-0.747829,1.059922,-0.76815,-1.238242,0.515973,1.037135,-0.148744,0.639984,0.82796,-0.603768,-2.009151,-1.41864,0.937149,-0.976998,-0.867248,-0.681902,-0.791966,-0.103414,0.085228,-0.959399,0.569998,0.243051,-0.090491,1.055315,0.366514,0.629471,1.169528
TX-000070,2025-04-16 21:26:34,100.0,Paiement à Voyage de 100.00€,0,2.427109746837553e-05,1.16209,-0.319554,-2.028001,-1.966869,0.570573,-1.041941,1.794177,0.208638,1.162612,-0.465555,-0.08715,-0.487607,0.435683,0.26043,1.188991,-0.425712,0.455354,0.448237,0.085204,-1.157203,-0.399718,-1.418507,0.816228,-1.130924,0.273161,-0.954044,-1.028276,0.340964
TX-000071,2025-04-05 14:23:18,6.8,Paiement à Transfert Bancaire de 6.80€,0,0.000880702396386706,-1.836462,-0.611847,1.867538,0.902673,-0.760512,0.06516,-0.687302,-0.664822,-0.898301,0.507859,0.808881,1.541899,0.100464,-0.243886,0.248828,0.066454,-1.078607,0.342613,0.183599,-0.862885,-0.97507,1.790513,1.403991,-0.308507,-0.463162,0.333859,-0.305012,-0.044205
TX-000072,2025-04-05 05:30:28,500.0,Achat chez SuperMarché de 500.00€,0,0.0027301642861753237,-2.596333,0.668607,-5.106321,3.132773,0.057985,-0.921787,-0.840188,-1.364641,-2.654464,2.889201,1.837132,1.650068,0.754819,-0.188388,-1.185468,0.369525,-1.320673,-0.052265,-0.58771,-1.376646,1.082336,0.187762,-0.682942,-0.925801,1.610932,-0.205906,-0.910932,-0.18773
TX-000073,2025-04-02 11:48:56,33.54,Achat chez Voyage de 33.54€,0,3.4116411268408425e-05,0.025227,0.106676,-0.432121,-0.198947,1.055108,1.749065,-0.740297,-0.202552,-0.353016,0.80761,-0.412941,1.46567,0.037925,1.508936,-0.218049,1.304109,-1.701497,1.142161,0.464695,-1.322828,-1.340483,-0.144786,-0.859364,1.009935,0.792211,-0.887606,-1.002931,2.491965
TX-000074,2025-04-07 15:10:02,100.0,Transaction normale chez Pharmacie de 100.00€,0,2.0410389805759085e-05,0.147917,-1.802138,-0.44928,-1.771685,-3.229114,-0.37517,0.607504,-0.332381,-1.972414,2.084451,-0.740406,-1.62655,0.641969,-1.232717,2.069568,-0.692742,-0.989867,0.12072,1.977662,-1.061268,-0.308283,-0.692277,1.37422,0.629427,-1.553032,-1.070922,0.467886,0.431774
TX-000075,2025-04-11 01:56:55,11.16,Achat chez Amazon de 11.16€,0,0.0038896490402021986,1.776679,-2.032382,-0.522984,2.026245,0.786296,-1.56069,0.86911,0.148325,1.010749,-0.625402,-0.398957,0.208629,1.205413,0.047898,-0.808287,0.468765,-0.063667,0.224462,-0.238167,-0.661793,0.38994,1.006364,-1.124643,-0.353805,-1.726695,0.611253,-1.7541,-0.476808
TX-000076,2025-04-06 07:27:02,100.0,Paiement à Électronique de 100.00€,0,6.348494472180201e-05,0.542303,0.836135,0.754336,-0.258154,-2.349776,-1.556061,0.862216,-1.171824,2.099312,-1.457704,1.266699,1.26491,1.340331,0.307201,-0.470963,0.673968,-0.166445,-0.953793,1.089006,-1.547372,-0.025777,-1.016482,1.037792,1.326695,-2.48244,-0.73537,0.709558,-0.018983
TX-000077,2025-04-19 11:42:36,28.35,Abonnement mensuel Boutique de 28.35€,0,1.433421908140095e-05,0.628035,0.758738,-0.089465,-1.489828,0.160698,-0.139172,0.278568,1.286179,0.962584,-0.72057,-1.036596,1.125622,-0.423297,2.136121,-0.037328,0.78377,-1.582784,-0.305355,0.314592,0.990553,0.201422,0.38675,-0.711083,1.170323,-0.426624,1.094511,0.53031,0.467928
TX-000078,2025-04-27 06:14:05,63.88,Transaction normale chez Transfert Bancaire de 63.88€,0,0.00034904987139693544,-2.021135,0.163406,-0.332593,0.395948,0.458157,-1.302333,-1.127981,-0.492216,0.08898,-0.199714,-1.21143,0.219752,-1.118977,2.074021,0.178705,0.953277,-1.031283,-1.10743,-0.515553,-0.378689,0.80421,0.657862,-1.775095,0.466421,0.920992,1.079559,-0.505307,-0.22161
TX-000079,2025-04-02 19:51:00,147.66,Achat chez Boutique de 147.66€,0,0.0001023337789980898,0.536575,0.221918,-0.715694,-1.268885,-1.664733,-0.541506,-1.005798,-0.995387,-0.101546,-0.45632,0.56289,2.352093,0.010172,0.05808,-3.030709,-0.78694,-0.606658,-1.61524,-0.353697,-0.377549,-0.369017,0.165166,-0.012044,1.982013,0.186485,-0.557194,2.556983,0.921524
TX-000080,2025-03-31 23:00:19,14.61,Paiement à Voyage de 14.61€,0,4.949277012789675e-05,0.164879,-0.035936,-0.303506,-0.597046,-1.08916,0.450437,-0.287445,-0.279469,-0.75171,0.918532,-1.508131,-1.038346,0.306166,0.741251,0.142774,0.367887,-0.788432,0.963342,-0.275569,0.978341,0.631805,0.301557,-1.725373,-0.392443,0.795632,-2.060402,0.087965,-0.033498
TX-000081,2025-04-14 05:24:48,2270.14,Paiement à Voyage de 2270.14€,0,0.03411402333919109,-6.955084,-0.317318,-7.911419,2.579866,-1.356976,0.750503,0.327317,0.550834,-1.874521,0.680408,1.140104,3.613406,-0.582741,-3.688924,0.882025,-0.898856,-5.992847,0.24178,1.637955,-0.505703,-0.210207,-0.202174,-0.530931,0.165316,0.974868,-1.410504,0.258182,-0.428241
TX-000082,2025-04-17 03:44:14,24.98,Facture Pharmacie de 24.98€,0,0.0010214559079429152,-0.899204,0.866586,1.268262,0.823636,-0.610465,0.295863,-0.00424,-0.069282,0.775706,0.162466,-1.237807,-0.250361,-0.619085,0.229034,-0.485836,-0.266401,0.225536,-0.583487,-0.838935,-1.583388,-0.158007,0.563016,-0.012162,-0.797129,0.984762,-1.456369,-0.923257,-0.921514
TX-000083,2025-04-18 22:56:00,46.16,Abonnement mensuel Hôtel de 46.16€,0,6.695978064449624e-05,0.571503,1.121843,-1.856732,-0.90773,1.535664,0.473087,1.409598,-0.502796,0.418423,-0.322222,0.668637,-1.214848,1.085113,0.850843,-0.443963,0.812791,1.524236,0.207866,0.129556,0.068067,1.253313,0.501693,-0.041349,-1.475935,0.4756,-0.634911,-0.3824,0.333762
TX-000084,2025-04-04 07:58:03,199.86,Paiement à Transfert Bancaire de 199.86€,0,0.00022781902351492984,-0.204918,0.78798,-0.221393,1.295163,0.541075,-1.533655,0.656307,0.433937,-0.751499,-0.200152,-0.328155,1.708575,0.785756,0.20772,-0.159201,-0.892453,-0.292031,0.229983,0.092366,0.181435,-1.050647,-0.520855,-0.962863,0.017939,-0.080793,-0.679344,1.139929,-0.966378
TX-000085,2025-04-09 08:42:37,152.68,Paiement à Transport de 152.68€,0,0.00014928466971489773,0.355215,-2.156439,0.0682,-0.853276,1.951921,0.325966,1.117553,-1.047959,0.075438,-0.762627,0.057946,-1.223551,-0.54511,-0.733814,-1.422656,0.347159,0.107197,-0.257954,-0.960582,-0.475428,-2.390407,-0.068671,-0.276638,1.35487,0.510917,-0.083193,0.996606,0.540042
TX-000086,2025-03-31 06:11:22,153.01,Facture Transfert Bancaire de 153.01€,0,3.4171250633969445e-06,1.826668,0.59013,-0.549901,0.528028,2.038099,1.982891,-0.588691,1.148509,-0.010371,2.310258,-0.942612,-2.720642,2.564302,0.671244,-1.765556,0.50647,0.638187,2.818057,1.182368,0.247657,0.452947,-1.533861,0.407429,1.585189,-0.595174,1.364522,0.754696,0.064245
TX-000087,2025-04-11 06:55:38,63.24,Transaction normale chez Restaurant de 63.24€,0,0.00012417385421865704,-0.763346,0.686793,0.727991,-0.701771,-2.228229,0.356836,-1.156217,-0.284058,-0.779294,-0.846768,1.306638,-1.28025,0.995779,-1.046817,1.690696,1.156843,0.813658,0.3769,1.904321,-0.798529,-0.171226,0.155423,1.187636,-0.44652,-0.437895,-0.017176,0.035352,-0.348194
TX-000088,2025-04-17 12:07:59,100.0,Transaction normale chez Amazon de 100.00€,0,0.00015450148706779802,-0.787898,-1.082392,0.723562,1.968957,0.481714,1.481042,-0.170925,-0.20837,0.888569,-0.015651,1.562772,0.654347,-1.019517,1.893601,0.122816,0.017293,1.27008,0.030566,-0.05282,1.060826,-0.805788,-1.405747,0.014981,1.745245,-0.13724,-1.406058,-1.861275,-0.541423
TX-000089,2025-04-11 14:57:15,98.68,Paiement à Vêtements de 98.68€,0,2.0392488047959346e-05,-1.041231,2.280725,-1.285372,-0.353443,-1.896504,1.101925,1.537,-1.020903,-0.894028,1.326411,-0.719374,-0.937118,1.96017,0.478699,1.036819,0.068752,-0.022481,-0.650437,-0.356283,1.802342,0.98188,0.405746,0.367705,-0.352679,0.96416,0.862494,-0.279365,-1.588752
TX-000090,2025-04-29 06:08:07,405.09,Achat chez Pharmacie de 405.09€,0,1.2167697766497956e-05,-0.977402,0.740524,-0.688577,0.165722,-0.203432,-2.673649,-0.459983,-0.090773,0.90374,1.73884,-0.761743,0.911934,0.942163,0.928442,-0.209539,-2.058774,1.032783,-1.945336,-0.247338,0.167002,-1.008859,-2.278107,-0.041731,1.048009,0.139929,0.478829,-0.276239,0.488189
TX-000091,2025-04-24 13:08:31,500.0,Abonnement mensuel Transport de 500.00€,0,0.0002452802861231529,-2.311531,0.73362,-3.118494,2.339909,0.19788,-0.794726,0.911019,0.012265,-1.390519,5.089577,1.202559,2.903394,0.141676,0.210317,-0.296039,-1.770489,-2.752991,1.442851,0.144256,-0.504944,0.758923,-0.544596,-2.065777,-0.517084,1.349934,-1.389863,-1.279862,1.133403
TX-000092,2025-04-12 23:52:00,113.67,Facture Station Service de 113.67€,0,0.0016287905051155197,1.022652,-0.709385,0.704982,1.6183,0.603455,0.470271,0.38356,-0.325326,-0.667184,-1.002563,-2.71733,0.592044,0.057163,0.326147,0.809838,0.153893,-0.111443,-0.211747,-0.709924,-0.035929,0.122989,0.095616,0.290821,-0.759102,-0.046811,-2.143382,-0.802272,0.288976
TX-000093,2025-04-04 04:04:04,18.07,Facture Station Service de 18.07€,0,0.00023879214196602508,0.367895,-1.377661,-0.285476,0.21202,-1.086486,1.58357,1.412032,-0.334723,-0.528123,1.45412,2.193679,1.550718,0.005918,1.197974,0.12266,-1.594391,1.877549,0.491079,0.550419,1.354259,0.0992,0.600745,-1.356634,0.614577,-1.054835,-0.708922,-1.898657,-1.56191
TX-000094,2025-04-05 13:34:22,104.22,Abonnement mensuel Amazon de 104.22€,0,6.293998982931243e-05,0.916196,2.622242,0.121711,-0.583675,-0.426123,-0.862311,0.253701,-0.505778,-0.661535,-0.285489,1.737389,-1.693349,-0.847752,-0.0589,-1.918949,0.711911,-0.770436,1.309057,-0.585596,1.102005,-0.53478,-1.184485,-1.711967,1.028316,0.048035,-0.717595,0.603411,1.500614
TX-000095,2025-04-04 22:09:15,1502.0,Achat chez Restaurant de 1502.00€,0,0.008904831449382426,-6.270002,-1.532506,-4.476755,4.525494,-0.142301,1.220605,1.20142,1.328371,-1.967623,0.989505,0.539853,4.4584,-0.070914,-0.788795,-1.229092,-0.190379,-0.653682,-0.307608,1.54999,-0.037949,-0.196681,0.511969,-0.39544,-1.383176,-0.902945,-0.369846,1.128409,-0.837201
TX-000096,2025-04-15 07:57:32,11.64,Abonnement mensuel Abonnement de 11.64€,0,0.00040720592557307234,0.946841,-1.817308,2.147727,0.230649,1.49938,-0.473195,0.440258,0.189104,0.181569,-0.280485,-1.580951,0.16596,1.551922,-0.934844,-0.979614,0.399976,-1.486948,-0.656626,-1.417874,-0.641662,0.331052,0.8697,-0.158961,-0.159704,-2.490431,1.128322,1.172139,0.336438
TX-000097,2025-04-22 02:19:03,20.48,Facture Hôtel de 20.48€,0,0.0004939683369971768,-0.71247,-0.574416,0.339969,-0.431045,0.816542,-1.768764,0.41767,0.964825,0.66475,0.723612,-0.355991,-1.482335,-2.189673,-0.582995,-0.106011,1.032162,0.779788,0.352656,-0.751947,-1.295242,1.106814,-0.155841,1.536607,1.097814,-0.875072,1.667078,-0.856638,0.220158
TX-000098,2025-04-23 08:28:13,62.63,Abonnement mensuel Transport de 62.63€,0,0.003090947581034821,0.242618,0.261413,1.022799,-0.344514,-0.893775,-2.433731,0.301535,-0.402462,0.183058,0.177625,0.66463,-1.498282,0.179901,-1.973783,-1.479429,-0.489405,-0.987961,1.361389,-1.671143,-0.65755,0.888932,-0.126744,1.234744,1.752308,-0.267845,-0.130249,-1.854043,-1.919603
TX-000099,2025-03-31 12:29:57,500.0,Achat chez Hôtel de 500.00€,0,0.05154467291885814,-4.81094,-0.375686,-1.613454,5.231271,0.301253,-1.585344,-0.270493,0.903895,-2.158165,2.640109,0.768461,5.568602,0.878061,-2.567864,0.401502,0.384553,-0.875377,1.578029,-0.546362,-1.672635,1.8901,0.518053,0.271913,0.945751,-0.406322,0.065248,-0.625539,0.352284
TX-000100,2025-03-31 04:18:25,1783.18,Abonnement mensuel Électronique de 1783.18€,0,0.0024664617273533304,-4.857481,-0.19766,-5.010391,0.328621,-1.125271,-0.049692,-0.049996,-0.822926,-1.490725,1.026875,0.460768,2.342682,-0.87933,-2.329118,-0.626466,0.477236,-3.795371,-0.338387,-0.141345,0.922925,0.985533,0.281959,0.368658,2.756892,1.4741,-1.029324,0.812169,0.13698
